--
-- PostgreSQL database dump
--

-- Dumped from database version 11.5
-- Dumped by pg_dump version 11.5

SET statement_timeout = 0;
SET lock_timeout = 0;
SET idle_in_transaction_session_timeout = 0;
SET client_encoding = 'UTF8';
SET standard_conforming_strings = on;
SELECT pg_catalog.set_config('search_path', '', false);
SET check_function_bodies = false;
SET xmloption = content;
SET client_min_messages = warning;
SET row_security = off;

--
-- Name: siap_setting_bypass_controller_bypass_controller_id_seq; Type: SEQUENCE; Schema: public; Owner: postgres
--

CREATE SEQUENCE public.siap_setting_bypass_controller_bypass_controller_id_seq
    START WITH 1
    INCREMENT BY 1
    NO MINVALUE
    NO MAXVALUE
    CACHE 1;


ALTER TABLE public.siap_setting_bypass_controller_bypass_controller_id_seq OWNER TO postgres;

SET default_tablespace = '';

SET default_with_oids = false;

--
-- Name: efiskus_setting_bypass_controller; Type: TABLE; Schema: public; Owner: postgres
--

CREATE TABLE public.efiskus_setting_bypass_controller (
    "bypass_controller_id " integer DEFAULT nextval('public.siap_setting_bypass_controller_bypass_controller_id_seq'::regclass) NOT NULL,
    bypass_controller_desc character varying(100),
    bypass_controller_sts integer
);


ALTER TABLE public.efiskus_setting_bypass_controller OWNER TO postgres;

--
-- Name: id_opd_seq; Type: SEQUENCE; Schema: public; Owner: postgres
--

CREATE SEQUENCE public.id_opd_seq
    START WITH 1
    INCREMENT BY 1
    NO MINVALUE
    NO MAXVALUE
    CACHE 1;


ALTER TABLE public.id_opd_seq OWNER TO postgres;

--
-- Name: id_pegawai_seq; Type: SEQUENCE; Schema: public; Owner: postgres
--

CREATE SEQUENCE public.id_pegawai_seq
    START WITH 1
    INCREMENT BY 1
    NO MINVALUE
    NO MAXVALUE
    CACHE 1;


ALTER TABLE public.id_pegawai_seq OWNER TO postgres;

--
-- Name: id_pro_seq; Type: SEQUENCE; Schema: public; Owner: postgres
--

CREATE SEQUENCE public.id_pro_seq
    START WITH 1
    INCREMENT BY 1
    NO MINVALUE
    NO MAXVALUE
    CACHE 1;


ALTER TABLE public.id_pro_seq OWNER TO postgres;

--
-- Name: id_sts_seq; Type: SEQUENCE; Schema: public; Owner: postgres
--

CREATE SEQUENCE public.id_sts_seq
    START WITH 1
    INCREMENT BY 1
    NO MINVALUE
    NO MAXVALUE
    CACHE 1;


ALTER TABLE public.id_sts_seq OWNER TO postgres;

--
-- Name: id_wbs_seq; Type: SEQUENCE; Schema: public; Owner: postgres
--

CREATE SEQUENCE public.id_wbs_seq
    START WITH 1
    INCREMENT BY 1
    NO MINVALUE
    NO MAXVALUE
    CACHE 1;


ALTER TABLE public.id_wbs_seq OWNER TO postgres;

--
-- Name: mst_menu; Type: TABLE; Schema: public; Owner: postgres
--

CREATE TABLE public.mst_menu (
    menu_id integer NOT NULL,
    menu_desc character varying(255),
    menu_parent_id integer,
    menu_urut character varying(10),
    menu_sts character varying(1),
    menu_icon character varying(255),
    create_by character varying(18),
    create_date timestamp(6) without time zone,
    update_by character varying(18),
    update_date timestamp(6) without time zone,
    menu_controller character varying(50),
    menu_class character varying(255)
);


ALTER TABLE public.mst_menu OWNER TO postgres;

--
-- Name: mst_pegawai; Type: TABLE; Schema: public; Owner: postgres
--

CREATE TABLE public.mst_pegawai (
    id_pegawai integer DEFAULT nextval('public.id_pegawai_seq'::regclass) NOT NULL,
    nip character varying(20),
    nm_pegawai character varying(100),
    alamat_pegawai character varying(255),
    email_pegawai character varying(100),
    tlp_pegawai character varying(20),
    sts_pegawai character varying(1),
    create_by character varying(20),
    create_date timestamp(6) without time zone,
    update_by character varying(20),
    update_date timestamp(6) without time zone
);


ALTER TABLE public.mst_pegawai OWNER TO postgres;

--
-- Name: mst_proyek; Type: TABLE; Schema: public; Owner: postgres
--

CREATE TABLE public.mst_proyek (
    pro_id integer DEFAULT nextval('public.id_pro_seq'::regclass) NOT NULL,
    pro_name character varying(100),
    pro_client character varying(25),
    pro_target_val bigint DEFAULT 0,
    pro_real_val bigint DEFAULT 0,
    pro_status character varying(255),
    pro_keterangan character varying(255),
    pro_kode character varying(255),
    pro_start_date date,
    pro_end_date date,
    pro_pic1 character varying(50),
    pro_pic1_name character varying(255),
    pro_pic2 character varying(255),
    pro_pic2_name character varying(255),
    pro_pic3 character varying(255),
    pro_pic3_name character varying(255),
    pro_target_time smallint,
    pic_client_name character varying(255),
    pic_client_telp character varying(255)
);


ALTER TABLE public.mst_proyek OWNER TO postgres;

--
-- Name: mst_status; Type: TABLE; Schema: public; Owner: postgres
--

CREATE TABLE public.mst_status (
    status_id integer DEFAULT nextval('public.id_sts_seq'::regclass) NOT NULL,
    status_name character varying(255),
    status_kat character varying(255),
    status_sts character varying(255)
);


ALTER TABLE public.mst_status OWNER TO postgres;

--
-- Name: mst_user_wp_id_user_seq; Type: SEQUENCE; Schema: public; Owner: postgres
--

CREATE SEQUENCE public.mst_user_wp_id_user_seq
    START WITH 10
    INCREMENT BY 1
    NO MINVALUE
    NO MAXVALUE
    CACHE 1;


ALTER TABLE public.mst_user_wp_id_user_seq OWNER TO postgres;

--
-- Name: mst_user; Type: TABLE; Schema: public; Owner: postgres
--

CREATE TABLE public.mst_user (
    id_group integer NOT NULL,
    username character varying(50),
    password character varying(50),
    sts_user character varying(1),
    kode character varying(50),
    id_user integer DEFAULT nextval('public.mst_user_wp_id_user_seq'::regclass) NOT NULL
);


ALTER TABLE public.mst_user OWNER TO postgres;

--
-- Name: mst_usergroup_id_group_seq; Type: SEQUENCE; Schema: public; Owner: postgres
--

CREATE SEQUENCE public.mst_usergroup_id_group_seq
    START WITH 1
    INCREMENT BY 1
    NO MINVALUE
    NO MAXVALUE
    CACHE 1;


ALTER TABLE public.mst_usergroup_id_group_seq OWNER TO postgres;

--
-- Name: mst_usergroup; Type: TABLE; Schema: public; Owner: postgres
--

CREATE TABLE public.mst_usergroup (
    id_group integer DEFAULT nextval('public.mst_usergroup_id_group_seq'::regclass) NOT NULL,
    nm_group character varying(100),
    sts_group character varying(1),
    app character varying(2)
);


ALTER TABLE public.mst_usergroup OWNER TO postgres;

--
-- Name: usergroup_menu_id_seq; Type: SEQUENCE; Schema: public; Owner: postgres
--

CREATE SEQUENCE public.usergroup_menu_id_seq
    START WITH 1
    INCREMENT BY 1
    NO MINVALUE
    NO MAXVALUE
    CACHE 1;


ALTER TABLE public.usergroup_menu_id_seq OWNER TO postgres;

--
-- Name: mst_usergroup_menu; Type: TABLE; Schema: public; Owner: postgres
--

CREATE TABLE public.mst_usergroup_menu (
    id_group integer,
    menu_id integer,
    create_by character varying(18),
    create_date timestamp(6) without time zone,
    update_by character varying(18),
    update_date timestamp(6) without time zone,
    usergroup_menu_sts integer,
    usergroup_menu_id integer DEFAULT nextval('public.usergroup_menu_id_seq'::regclass) NOT NULL
);


ALTER TABLE public.mst_usergroup_menu OWNER TO postgres;

--
-- Name: wbs; Type: TABLE; Schema: public; Owner: postgres
--

CREATE TABLE public.wbs (
    wbs_id integer DEFAULT nextval('public.id_wbs_seq'::regclass) NOT NULL,
    pro_id integer DEFAULT nextval('public.id_wbs_seq'::regclass),
    wbs_name character varying(100),
    wbs_time smallint,
    wbs_start_date date,
    wbs_end_date date,
    wbs_pic1 character varying(255),
    wbs_pic1_name character varying(255),
    wbs_pic2 character varying(255),
    wbs_pic2_name character varying(255),
    wbs_status character varying(255),
    wbs_keterangan text,
    wbs_kendala1 text,
    wbs_kendala2 text,
    wbs_kendala3 text,
    wbs_att_1 text,
    wbs_att_2 text
);


ALTER TABLE public.wbs OWNER TO postgres;

--
-- Data for Name: efiskus_setting_bypass_controller; Type: TABLE DATA; Schema: public; Owner: postgres
--

COPY public.efiskus_setting_bypass_controller ("bypass_controller_id ", bypass_controller_desc, bypass_controller_sts) FROM stdin;
1	dashboard	1
2	change_password	1
3	profile	1
\.


--
-- Data for Name: mst_menu; Type: TABLE DATA; Schema: public; Owner: postgres
--

COPY public.mst_menu (menu_id, menu_desc, menu_parent_id, menu_urut, menu_sts, menu_icon, create_by, create_date, update_by, update_date, menu_controller, menu_class) FROM stdin;
3	Daftar Pegawai	1	B2	1	cogs	\N	\N	\N	\N	employee	\N
11	User	1	B3	1	cogs	\N	\N	\N	\N	user	\N
2	Daftar User Group	1	A2	1	cogs	\N	\N	\N	\N	usergroup	\N
26	Monitoring	\N	C1	0	cogs	\N	\N	\N	\N	\N	\N
1	Pengaturan	\N	A0	1	cogs	\N	\N	\N	\N	\N	\N
12	Proyek	\N	A1	1	cogs	\N	\N	\N	\N	proyek	\N
13	WBS	\N	B10	1	cogs	\N	\N	\N	\N	wbs	\N
\.


--
-- Data for Name: mst_pegawai; Type: TABLE DATA; Schema: public; Owner: postgres
--

COPY public.mst_pegawai (id_pegawai, nip, nm_pegawai, alamat_pegawai, email_pegawai, tlp_pegawai, sts_pegawai, create_by, create_date, update_by, update_date) FROM stdin;
8	NIP00000001	NAMA ADMIN	JAKARTA	aa@aa.aa	123	Y	\N	\N	NIP00000001	2020-04-02 11:13:51.919991
1	085648674120	ARDHA	\N	dd@ggmail.com	085648674120	Y	NIP00000001	2020-04-12 14:59:46.343053	NIP00000001	2020-04-12 14:59:46.343053
9	0856	SHANIN	JAKARTA	ok@ok.ok	123234	Y	NIP00000001	2020-03-27 15:08:44.036629	NIP00000001	2020-04-12 15:00:42.924238
2	0987654321	DINA	\N	aa@aa.aa	123234	Y	NIP00000001	2020-04-13 21:54:09.596035	NIP00000001	2020-04-13 21:54:09.596035
\.


--
-- Data for Name: mst_proyek; Type: TABLE DATA; Schema: public; Owner: postgres
--

COPY public.mst_proyek (pro_id, pro_name, pro_client, pro_target_val, pro_real_val, pro_status, pro_keterangan, pro_kode, pro_start_date, pro_end_date, pro_pic1, pro_pic1_name, pro_pic2, pro_pic2_name, pro_pic3, pro_pic3_name, pro_target_time, pic_client_name, pic_client_telp) FROM stdin;
1	KONSOLIDASI DATA ABSEN BANK CIMB	CIMB	100000000	95000000	POC	ok	123	2020-04-12	\N	08564867	ARDHA	0980890	HENRY	\N	\N	30	sobary	08564867
3	SINKRONISASI DATA	CLIENT B	190000000	0	POC	masih POC	\N	2020-04-12	\N	085648674120	ARDHA	0856	SHANIN			30	somad	13
4	KONSOLIDASI DATA CABANG	CLIENT C	100000000	95000000	KICK OFF	KICKOFF	\N	2020-04-12	\N	085648674120	ARDHA	 	 	 	 	30	abdul	123123
2	API MANAGEMENT	CLIENT A	100000000	98000000	KICK OFF	OK	\N	2020-04-12	\N	0856	SHANIN	085648674120	ARDHA	 	 	30	somad	123
5	SINKRONISASI DATA PUSAT CABANG	CLIENT 4	200000000	150000000	POC	YES	\N	2020-04-14	\N	085648674120	ARDHA	 	 	 	 	100	somad	13
\.


--
-- Data for Name: mst_status; Type: TABLE DATA; Schema: public; Owner: postgres
--

COPY public.mst_status (status_id, status_name, status_kat, status_sts) FROM stdin;
1	POC	pro	Y
2	KICK OFF	pro	Y
3	IMPLEMENTASI	pro	Y
4	UAT	pro	Y
5	GO LIVE	pro	Y
6	SELESAI	pro	Y
8	PROGRES	wbs	Y
9	SELESAI	wbs	Y
7	BARU	wbs	Y
\.


--
-- Data for Name: mst_user; Type: TABLE DATA; Schema: public; Owner: postgres
--

COPY public.mst_user (id_group, username, password, sts_user, kode, id_user) FROM stdin;
3	fiskus	a2e836a51e4a211748b7161d879f6592	Y	123098312	3
1	admin	a2e836a51e4a211748b7161d879f6592	Y	NIP00000001	1
3	0856	a2e836a51e4a211748b7161d879f6592	Y	0856	70
4	085648674120	a2e836a51e4a211748b7161d879f6592	Y	085648674120	2
\.


--
-- Data for Name: mst_usergroup; Type: TABLE DATA; Schema: public; Owner: postgres
--

COPY public.mst_usergroup (id_group, nm_group, sts_group, app) FROM stdin;
1	SUPER ADMINISTRATOR	Y	\N
10	ADMIN SUBAN	N	\N
11	ADMIN UPPRD	N	\N
3	PM	Y	\N
4	STAFF	Y	\N
2	WAJIB PAJAK	N	\N
\.


--
-- Data for Name: mst_usergroup_menu; Type: TABLE DATA; Schema: public; Owner: postgres
--

COPY public.mst_usergroup_menu (id_group, menu_id, create_by, create_date, update_by, update_date, usergroup_menu_sts, usergroup_menu_id) FROM stdin;
5	4		2019-03-05 09:40:22.770302	\N	\N	1	112
5	17		2019-03-05 09:40:22.77208	\N	\N	1	113
5	18		2019-03-05 09:40:22.772981	\N	\N	1	114
5	19		2019-03-05 09:40:22.773942	\N	\N	1	115
5	20		2019-03-05 09:40:22.774889	\N	\N	1	116
5	2		2019-03-05 09:40:22.775963	\N	\N	1	117
5	5		2019-03-05 09:40:22.77675	\N	\N	1	118
5	6		2019-03-05 09:40:22.777602	\N	\N	1	119
5	7		2019-03-05 09:40:22.778273	\N	\N	1	120
5	8		2019-03-05 09:40:22.778824	\N	\N	1	121
5	9		2019-03-05 09:40:22.779431	\N	\N	1	122
5	13		2019-03-05 09:40:22.780044	\N	\N	1	123
5	1		2019-03-05 09:40:22.780784	\N	\N	1	124
5	3		2019-03-05 09:40:22.781399	\N	\N	1	125
5	11		2019-03-05 09:40:22.781951	\N	\N	1	126
5	14		2019-03-05 09:40:22.782427	\N	\N	1	127
5	15		2019-03-05 09:40:22.783116	\N	\N	1	128
5	16		2019-03-05 09:40:22.783932	\N	\N	1	129
5	10		2019-03-05 09:40:22.78447	\N	\N	1	130
5	12		2019-03-05 09:40:22.784926	\N	\N	1	131
8	4		2019-03-06 10:36:38.20241	\N	\N	1	144
8	17		2019-03-06 10:36:38.205422	\N	\N	1	145
8	18		2019-03-06 10:36:38.206873	\N	\N	1	146
8	19		2019-03-06 10:36:38.208075	\N	\N	1	147
8	20		2019-03-06 10:36:38.208876	\N	\N	1	148
8	2		2019-03-06 10:36:38.209555	\N	\N	1	149
8	5		2019-03-06 10:36:38.21002	\N	\N	1	150
8	6		2019-03-06 10:36:38.210478	\N	\N	1	151
8	7		2019-03-06 10:36:38.210985	\N	\N	1	152
8	8		2019-03-06 10:36:38.211462	\N	\N	1	153
8	9		2019-03-06 10:36:38.211916	\N	\N	1	154
8	13		2019-03-06 10:36:38.212368	\N	\N	1	155
8	1		2019-03-06 10:36:38.21286	\N	\N	1	156
8	3		2019-03-06 10:36:38.21331	\N	\N	1	157
8	11		2019-03-06 10:36:38.213758	\N	\N	1	158
8	14		2019-03-06 10:36:38.214207	\N	\N	1	159
8	15		2019-03-06 10:36:38.214671	\N	\N	1	160
8	16		2019-03-06 10:36:38.215105	\N	\N	1	161
8	10		2019-03-06 10:36:38.215548	\N	\N	1	162
8	12		2019-03-06 10:36:38.215984	\N	\N	1	163
2	15		2019-02-15 11:06:49.387404		2019-05-06 10:49:25.433917	0	52
2	16		2019-02-15 11:06:49.390349		2019-05-06 10:49:25.433917	0	53
2	12		2019-02-15 11:06:49.391103		2019-05-06 10:49:25.433917	0	54
2	26		2019-04-30 12:01:26.426204		2019-05-06 10:49:25.433917	0	271
2	21		2019-04-30 12:01:26.443505		2019-05-06 10:49:25.433917	0	272
2	24		2019-04-30 12:01:26.470596		2019-05-06 10:49:25.433917	0	273
2	25		2019-04-30 12:01:26.486195		2019-05-06 10:49:25.433917	0	274
2	16		2019-04-30 12:01:26.716713		2019-05-06 10:49:25.433917	0	275
2	26		2019-05-06 10:49:25.436824	\N	\N	1	276
2	21		2019-05-06 10:49:25.754932	\N	\N	1	277
2	24		2019-05-06 10:49:25.757222	\N	\N	1	278
2	16		2019-05-06 10:49:25.759257	\N	\N	1	279
10	17		2019-05-15 10:33:57.320542		2019-05-15 10:51:46.453131	0	338
10	18		2019-05-15 10:33:57.366155		2019-05-15 10:51:46.453131	0	339
10	19		2019-05-15 10:33:57.406512		2019-05-15 10:51:46.453131	0	340
10	20		2019-05-15 10:33:57.419202		2019-05-15 10:51:46.453131	0	341
10	24		2019-05-15 10:33:57.431197		2019-05-15 10:51:46.453131	0	342
10	26		2019-05-15 10:33:57.446815		2019-05-15 10:51:46.453131	0	343
10	28		2019-05-15 10:33:57.459121		2019-05-15 10:51:46.453131	0	344
10	21		2019-05-15 10:33:57.475101		2019-05-15 10:51:46.453131	0	345
10	27		2019-05-15 10:33:57.487764		2019-05-15 10:51:46.453131	0	346
10	25		2019-05-15 10:33:57.504514		2019-05-15 10:51:46.453131	0	347
10	13		2019-05-15 10:33:57.512118		2019-05-15 10:51:46.453131	0	348
10	1		2019-05-15 10:33:57.52113		2019-05-15 10:51:46.453131	0	349
11	1		2019-05-15 10:51:21.866941	\N	\N	1	383
11	13		2019-05-15 10:51:21.869772	\N	\N	1	384
11	3		2019-05-15 10:51:21.872912	\N	\N	1	385
11	11		2019-05-15 10:51:21.879989	\N	\N	1	386
11	17		2019-05-15 10:51:21.88332	\N	\N	1	387
11	27		2019-05-15 10:51:21.886868	\N	\N	1	388
11	18		2019-05-15 10:51:21.889292	\N	\N	1	389
11	19		2019-05-15 10:51:21.891795	\N	\N	1	390
11	20		2019-05-15 10:51:21.894929	\N	\N	1	391
11	26		2019-05-15 10:51:21.897923	\N	\N	1	392
11	21		2019-05-15 10:51:21.900735	\N	\N	1	393
11	24		2019-05-15 10:51:21.903489	\N	\N	1	394
11	28		2019-05-15 10:51:21.905699	\N	\N	1	395
11	10		2019-05-15 10:51:21.907967	\N	\N	1	396
11	25		2019-05-15 10:51:21.915443	\N	\N	1	397
10	3		2019-05-15 10:33:57.528951		2019-05-15 10:51:46.453131	0	350
10	11		2019-05-15 10:33:57.540254		2019-05-15 10:51:46.453131	0	351
10	23		2019-05-15 10:33:57.548635		2019-05-15 10:51:46.453131	0	352
10	22		2019-05-15 10:33:57.558194		2019-05-15 10:51:46.453131	0	353
10	12		2019-05-15 10:33:57.567212		2019-05-15 10:51:46.453131	0	354
10	17		2019-05-15 10:44:34.740618		2019-05-15 10:51:46.453131	0	355
10	18		2019-05-15 10:44:34.749414		2019-05-15 10:51:46.453131	0	356
10	19		2019-05-15 10:44:34.752776		2019-05-15 10:51:46.453131	0	357
10	20		2019-05-15 10:44:34.754891		2019-05-15 10:51:46.453131	0	358
10	24		2019-05-15 10:44:34.7581		2019-05-15 10:51:46.453131	0	359
10	26		2019-05-15 10:44:34.760967		2019-05-15 10:51:46.453131	0	360
10	28		2019-05-15 10:44:34.766372		2019-05-15 10:51:46.453131	0	361
4	15		2019-02-05 10:44:31.219817		2020-04-13 22:14:43.206128	0	48
4	16		2019-02-05 10:44:31.221046		2020-04-13 22:14:43.206128	0	49
4	26		2019-04-29 19:36:14.202528		2020-04-13 22:14:43.206128	0	260
4	21		2019-04-29 19:36:14.205825		2020-04-13 22:14:43.206128	0	261
4	24		2019-04-29 19:36:14.217987		2020-04-13 22:14:43.206128	0	262
4	25		2019-04-29 19:36:14.228662		2020-04-13 22:14:43.206128	0	263
4	15		2019-04-29 19:36:14.231836		2020-04-13 22:14:43.206128	0	264
4	16		2019-04-29 19:36:14.23502		2020-04-13 22:14:43.206128	0	265
4	26		2019-04-30 12:00:58.21098		2020-04-13 22:14:43.206128	0	266
4	21		2019-04-30 12:00:58.788115		2020-04-13 22:14:43.206128	0	267
4	24		2019-04-30 12:00:58.794416		2020-04-13 22:14:43.206128	0	268
4	25		2019-04-30 12:00:58.79777		2020-04-13 22:14:43.206128	0	269
4	16		2019-04-30 12:00:58.801028		2020-04-13 22:14:43.206128	0	270
10	21		2019-05-15 10:44:34.768907		2019-05-15 10:51:46.453131	0	362
10	27		2019-05-15 10:44:34.772331		2019-05-15 10:51:46.453131	0	363
10	25		2019-05-15 10:44:34.774859		2019-05-15 10:51:46.453131	0	364
10	13		2019-05-15 10:44:34.7772		2019-05-15 10:51:46.453131	0	365
10	1		2019-05-15 10:44:34.780096		2019-05-15 10:51:46.453131	0	366
10	3		2019-05-15 10:44:34.782271		2019-05-15 10:51:46.453131	0	367
10	11		2019-05-15 10:44:34.785232		2019-05-15 10:51:46.453131	0	368
10	23		2019-05-15 10:44:34.791266		2019-05-15 10:51:46.453131	0	369
10	22		2019-05-15 10:44:34.794749		2019-05-15 10:51:46.453131	0	370
10	1		2019-05-15 10:51:46.459163	\N	\N	1	398
10	13		2019-05-15 10:51:46.462092	\N	\N	1	399
10	3		2019-05-15 10:51:46.464867	\N	\N	1	400
10	11		2019-05-15 10:51:46.467715	\N	\N	1	401
10	17		2019-05-15 10:51:46.470027	\N	\N	1	402
10	27		2019-05-15 10:51:46.47228	\N	\N	1	403
10	18		2019-05-15 10:51:46.475499	\N	\N	1	404
10	19		2019-05-15 10:51:46.47808	\N	\N	1	405
10	20		2019-05-15 10:51:46.480247	\N	\N	1	406
10	26		2019-05-15 10:51:46.482385	\N	\N	1	407
10	21		2019-05-15 10:51:46.485024	\N	\N	1	408
10	24		2019-05-15 10:51:46.488458	\N	\N	1	409
10	28		2019-05-15 10:51:46.490629	\N	\N	1	410
10	10		2019-05-15 10:51:46.493713	\N	\N	1	411
10	25		2019-05-15 10:51:46.495701	\N	\N	1	412
3	14		2019-01-29 17:01:56.557685		2020-04-12 15:07:05.190007	0	46
3	21		2019-03-20 16:25:41.745426		2020-04-12 15:07:05.190007	0	203
3	14		2019-03-20 16:25:41.747946		2020-04-12 15:07:05.190007	0	204
3	26		2019-04-29 19:35:59.710388		2020-04-12 15:07:05.190007	0	255
3	21		2019-04-29 19:35:59.741256		2020-04-12 15:07:05.190007	0	256
3	24		2019-04-29 19:35:59.7454		2020-04-12 15:07:05.190007	0	257
3	25		2019-04-29 19:35:59.749497		2020-04-12 15:07:05.190007	0	258
3	14		2019-04-29 19:35:59.752585		2020-04-12 15:07:05.190007	0	259
3	24		2019-05-15 10:45:24.547766		2020-04-12 15:07:05.190007	0	371
3	26		2019-05-15 10:45:24.560311		2020-04-12 15:07:05.190007	0	372
3	21		2019-05-15 10:45:24.574565		2020-04-12 15:07:05.190007	0	373
3	26		2019-06-17 11:12:40.923804		2020-04-12 15:07:05.190007	0	442
3	14		2019-06-17 12:01:05.940361		2020-04-12 15:07:05.190007	0	461
3	12		2019-06-17 12:01:05.96426		2020-04-12 15:07:05.190007	0	462
3	26		2019-07-04 17:08:11.809985		2020-04-12 15:07:05.190007	0	522
3	21		2019-07-04 17:08:11.810647		2020-04-12 15:07:05.190007	0	523
3	12		2019-07-04 17:08:11.811133		2020-04-12 15:07:05.190007	0	524
3	25		2019-05-15 10:45:24.592009		2020-04-12 15:07:05.190007	0	374
3	14		2019-05-15 10:45:24.665886		2020-04-12 15:07:05.190007	0	375
3	12		2019-05-15 10:45:24.681357		2020-04-12 15:07:05.190007	0	376
3	24		2019-05-15 10:45:24.744913		2020-04-12 15:07:05.190007	0	377
3	26		2019-05-15 10:45:24.763903		2020-04-12 15:07:05.190007	0	378
3	21		2019-05-15 10:45:24.780444		2020-04-12 15:07:05.190007	0	379
3	25		2019-05-15 10:45:24.797511		2020-04-12 15:07:05.190007	0	380
3	14		2019-05-15 10:45:24.815576		2020-04-12 15:07:05.190007	0	381
3	12		2019-05-15 10:45:24.832923		2020-04-12 15:07:05.190007	0	382
3	26		2019-05-15 19:04:07.055549		2020-04-12 15:07:05.190007	0	413
3	21		2019-05-15 19:04:07.104872		2020-04-12 15:07:05.190007	0	414
3	24		2019-05-15 19:04:07.107443		2020-04-12 15:07:05.190007	0	415
3	28		2019-05-15 19:04:07.109997		2020-04-12 15:07:05.190007	0	416
3	10		2019-05-15 19:04:07.114202		2020-04-12 15:07:05.190007	0	417
3	25		2019-05-15 19:04:07.122823		2020-04-12 15:07:05.190007	0	418
3	14		2019-05-15 19:04:07.125456		2020-04-12 15:07:05.190007	0	419
3	12		2019-05-15 19:04:07.129913		2020-04-12 15:07:05.190007	0	420
3	21		2019-06-17 11:12:40.960725		2020-04-12 15:07:05.190007	0	443
3	5		2019-06-17 11:12:40.983616		2020-04-12 15:07:05.190007	0	444
3	24		2019-06-17 11:12:41.006568		2020-04-12 15:07:05.190007	0	445
3	28		2019-06-17 11:12:41.04156		2020-04-12 15:07:05.190007	0	446
3	29		2019-06-17 11:12:41.068033		2020-04-12 15:07:05.190007	0	447
3	10		2019-06-17 11:12:41.099699		2020-04-12 15:07:05.190007	0	448
3	25		2019-06-17 11:12:41.125679		2020-04-12 15:07:05.190007	0	449
3	14		2019-06-17 11:12:41.153073		2020-04-12 15:07:05.190007	0	450
3	12		2019-06-17 11:12:41.173202		2020-04-12 15:07:05.190007	0	451
3	26		2019-06-17 12:01:05.706778		2020-04-12 15:07:05.190007	0	452
3	21		2019-06-17 12:01:05.736958		2020-04-12 15:07:05.190007	0	453
3	5		2019-06-17 12:01:05.757424		2020-04-12 15:07:05.190007	0	454
3	24		2019-06-17 12:01:05.788076		2020-04-12 15:07:05.190007	0	455
3	30		2019-06-17 12:01:05.808142		2020-04-12 15:07:05.190007	0	456
3	29		2019-06-17 12:01:05.850514		2020-04-12 15:07:05.190007	0	457
3	10		2019-06-17 12:01:05.871777		2020-04-12 15:07:05.190007	0	458
3	25		2019-06-17 12:01:05.89333		2020-04-12 15:07:05.190007	0	459
3	28		2019-06-17 12:01:05.911786		2020-04-12 15:07:05.190007	0	460
3	26		2019-07-04 17:09:29.933485		2020-04-12 15:07:05.190007	0	525
3	21		2019-07-04 17:09:29.934281		2020-04-12 15:07:05.190007	0	526
3	26		2019-07-26 17:41:34.070402		2020-04-12 15:07:05.190007	0	566
3	21		2019-07-26 17:41:34.071253		2020-04-12 15:07:05.190007	0	567
3	24		2019-07-26 17:41:34.071933		2020-04-12 15:07:05.190007	0	568
3	30		2019-07-26 17:41:34.072702		2020-04-12 15:07:05.190007	0	569
3	28		2019-07-26 17:41:34.073453		2020-04-12 15:07:05.190007	0	570
3	26		2019-07-08 20:04:07.670368		2020-04-12 15:07:05.190007	0	527
3	21		2019-07-08 20:04:07.671352		2020-04-12 15:07:05.190007	0	528
3	24		2019-07-08 20:04:07.671965		2020-04-12 15:07:05.190007	0	529
3	30		2019-07-08 20:04:07.672508		2020-04-12 15:07:05.190007	0	530
3	13		2020-04-12 15:07:05.192313	\N	\N	1	7
3	12		2020-04-12 15:07:05.193039	\N	\N	1	8
4	13		2020-04-13 22:14:43.210305	\N	\N	1	9
1	9		2019-05-09 15:10:19.664983		2020-04-12 14:50:16.885564	0	330
1	13		2019-05-09 15:10:19.694684		2020-04-12 14:50:16.885564	0	331
1	1		2019-05-09 15:10:19.712442		2020-04-12 14:50:16.885564	0	332
1	3		2019-05-09 15:10:19.73955		2020-04-12 14:50:16.885564	0	333
1	11		2019-05-09 15:10:19.761425		2020-04-12 14:50:16.885564	0	334
1	23		2019-05-09 15:10:19.783452		2020-04-12 14:50:16.885564	0	335
1	22		2019-05-09 15:10:19.804678		2020-04-12 14:50:16.885564	0	336
1	10		2019-05-09 15:10:19.825084		2020-04-12 14:50:16.885564	0	337
1	20		2019-04-02 16:05:24.479661		2020-04-12 14:50:16.885564	0	224
1	26		2019-04-02 16:05:24.480748		2020-04-12 14:50:16.885564	0	225
1	17		2019-07-15 12:34:04.004117		2020-04-12 14:50:16.885564	0	538
1	27		2019-07-15 12:34:04.004914		2020-04-12 14:50:16.885564	0	539
1	18		2019-07-15 12:34:04.005717		2020-04-12 14:50:16.885564	0	540
1	22		2019-07-15 12:34:04.006446		2020-04-12 14:50:16.885564	0	541
1	23		2019-07-15 12:34:04.007149		2020-04-12 14:50:16.885564	0	542
1	19		2019-07-15 12:34:04.007844		2020-04-12 14:50:16.885564	0	543
1	23		2019-04-02 16:05:24.48913		2020-04-12 14:50:16.885564	0	235
1	22		2019-04-02 16:05:24.490003		2020-04-12 14:50:16.885564	0	236
1	4		2019-04-05 14:03:58.419275		2020-04-12 14:50:16.885564	0	237
1	4		2019-06-13 11:30:09.93344		2020-04-12 14:50:16.885564	0	421
1	2		2019-06-13 11:30:10.581556		2020-04-12 14:50:16.885564	0	422
1	9		2019-06-13 11:30:10.615433		2020-04-12 14:50:16.885564	0	423
1	1		2019-06-13 11:30:10.642583		2020-04-12 14:50:16.885564	0	424
1	13		2019-06-13 11:30:10.666449		2020-04-12 14:50:16.885564	0	425
1	3		2019-06-13 11:30:10.691959		2020-04-12 14:50:16.885564	0	426
1	11		2019-06-13 11:30:10.722824		2020-04-12 14:50:16.885564	0	427
1	17		2019-06-13 11:30:10.751693		2020-04-12 14:50:16.885564	0	428
1	27		2019-06-13 11:30:10.772184		2020-04-12 14:50:16.885564	0	429
1	18		2019-06-13 11:30:10.793695		2020-04-12 14:50:16.885564	0	430
1	22		2019-06-13 11:30:10.82705		2020-04-12 14:50:16.885564	0	431
1	23		2019-06-13 11:30:10.87707		2020-04-12 14:50:16.885564	0	432
1	19		2019-06-13 11:30:10.908517		2020-04-12 14:50:16.885564	0	433
1	20		2019-06-26 10:37:44.061323		2020-04-12 14:50:16.885564	0	476
1	26		2019-06-26 10:37:44.065412		2020-04-12 14:50:16.885564	0	477
1	21		2019-06-26 10:37:44.072982		2020-04-12 14:50:16.885564	0	478
1	5		2019-06-26 10:37:44.078853		2020-04-12 14:50:16.885564	0	479
1	24		2019-06-26 10:37:44.091443		2020-04-12 14:50:16.885564	0	480
1	10		2019-06-26 10:37:44.096272		2020-04-12 14:50:16.885564	0	481
1	25		2019-06-26 10:37:44.098003		2020-04-12 14:50:16.885564	0	482
1	28		2019-06-26 10:37:44.102931		2020-04-12 14:50:16.885564	0	483
1	16		2019-06-26 10:37:44.105974		2020-04-12 14:50:16.885564	0	484
1	4		2019-06-26 10:37:56.473311		2020-04-12 14:50:16.885564	0	485
1	2		2019-06-26 10:37:56.475274		2020-04-12 14:50:16.885564	0	486
1	9		2019-06-26 10:37:56.476933		2020-04-12 14:50:16.885564	0	487
1	1		2019-06-26 10:37:56.478545		2020-04-12 14:50:16.885564	0	488
1	13		2019-06-26 10:37:56.481648		2020-04-12 14:50:16.885564	0	489
1	3		2019-06-26 10:37:56.485128		2020-04-12 14:50:16.885564	0	490
1	11		2019-06-26 10:37:56.487035		2020-04-12 14:50:16.885564	0	491
1	20		2019-07-15 12:34:04.008589		2020-04-12 14:50:16.885564	0	544
1	26		2019-07-15 12:34:04.009742		2020-04-12 14:50:16.885564	0	545
1	21		2019-07-15 12:34:04.010799		2020-04-12 14:50:16.885564	0	546
1	20		2019-06-13 11:30:10.93919		2020-04-12 14:50:16.885564	0	434
1	26		2019-06-13 11:30:10.963319		2020-04-12 14:50:16.885564	0	435
1	21		2019-06-13 11:30:10.989682		2020-04-12 14:50:16.885564	0	436
1	5		2019-06-13 11:30:11.018464		2020-04-12 14:50:16.885564	0	437
1	24		2019-06-13 11:30:11.041419		2020-04-12 14:50:16.885564	0	438
1	28		2019-06-13 11:30:11.068027		2020-04-12 14:50:16.885564	0	439
1	10		2019-06-13 11:30:11.142957		2020-04-12 14:50:16.885564	0	440
1	25		2019-06-13 11:30:11.173434		2020-04-12 14:50:16.885564	0	441
1	4		2019-06-26 10:37:43.903694		2020-04-12 14:50:16.885564	0	463
1	2		2019-06-26 10:37:43.975824		2020-04-12 14:50:16.885564	0	464
1	9		2019-06-26 10:37:43.977999		2020-04-12 14:50:16.885564	0	465
1	1		2019-06-26 10:37:43.97984		2020-04-12 14:50:16.885564	0	466
1	13		2019-06-26 10:37:43.98201		2020-04-12 14:50:16.885564	0	467
1	3		2019-06-26 10:37:43.983704		2020-04-12 14:50:16.885564	0	468
1	11		2019-06-26 10:37:43.985347		2020-04-12 14:50:16.885564	0	469
1	17		2019-06-26 10:37:43.987265		2020-04-12 14:50:16.885564	0	470
1	27		2019-06-26 10:37:44.047952		2020-04-12 14:50:16.885564	0	471
1	18		2019-06-26 10:37:44.049707		2020-04-12 14:50:16.885564	0	472
1	22		2019-06-26 10:37:44.051593		2020-04-12 14:50:16.885564	0	473
1	23		2019-06-26 10:37:44.053587		2020-04-12 14:50:16.885564	0	474
1	19		2019-06-26 10:37:44.057463		2020-04-12 14:50:16.885564	0	475
1	25		2019-05-09 15:10:19.264824		2020-04-12 14:50:16.885564	0	324
1	28		2019-05-09 15:10:19.296176		2020-04-12 14:50:16.885564	0	325
1	24		2019-05-09 15:10:19.339642		2020-04-12 14:50:16.885564	0	326
1	26		2019-05-09 15:10:19.554312		2020-04-12 14:50:16.885564	0	327
1	27		2019-05-09 15:10:19.593184		2020-04-12 14:50:16.885564	0	328
1	2		2019-05-09 15:10:19.628561		2020-04-12 14:50:16.885564	0	329
1	17		2019-06-26 10:37:56.490177		2020-04-12 14:50:16.885564	0	492
1	27		2019-06-26 10:37:56.492582		2020-04-12 14:50:16.885564	0	493
1	18		2019-06-26 10:37:56.494585		2020-04-12 14:50:16.885564	0	494
1	22		2019-06-26 10:37:56.497811		2020-04-12 14:50:16.885564	0	495
1	23		2019-06-26 10:37:56.503975		2020-04-12 14:50:16.885564	0	496
1	19		2019-06-26 10:37:56.508482		2020-04-12 14:50:16.885564	0	497
1	20		2019-06-26 10:37:56.510261		2020-04-12 14:50:16.885564	0	498
1	26		2019-06-26 10:37:56.514324		2020-04-12 14:50:16.885564	0	499
1	21		2019-06-26 10:37:56.519025		2020-04-12 14:50:16.885564	0	500
1	5		2019-06-26 10:37:56.523314		2020-04-12 14:50:16.885564	0	501
1	24		2019-06-26 10:37:56.528735		2020-04-12 14:50:16.885564	0	502
1	10		2019-06-26 10:37:56.532384		2020-04-12 14:50:16.885564	0	503
1	25		2019-06-26 10:37:56.538856		2020-04-12 14:50:16.885564	0	504
1	28		2019-06-26 10:37:56.543626		2020-04-12 14:50:16.885564	0	505
1	24		2019-07-15 12:34:04.011575		2020-04-12 14:50:16.885564	0	547
1	17		2019-04-05 14:03:58.423366		2020-04-12 14:50:16.885564	0	238
1	18		2019-04-05 14:03:58.424193		2020-04-12 14:50:16.885564	0	239
1	19		2019-04-05 14:03:58.425076		2020-04-12 14:50:16.885564	0	240
1	20		2019-04-05 14:03:58.426461		2020-04-12 14:50:16.885564	0	241
1	26		2019-04-05 14:03:58.428253		2020-04-12 14:50:16.885564	0	242
1	21		2019-04-05 14:03:58.429054		2020-04-12 14:50:16.885564	0	243
1	24		2019-04-05 14:03:58.429911		2020-04-12 14:50:16.885564	0	244
1	4		2019-04-02 11:59:59.341699		2020-04-12 14:50:16.885564	0	205
1	17		2019-04-02 11:59:59.346129		2020-04-12 14:50:16.885564	0	206
1	18		2019-04-02 11:59:59.347273		2020-04-12 14:50:16.885564	0	207
1	19		2019-04-02 11:59:59.347971		2020-04-12 14:50:16.885564	0	208
1	20		2019-04-02 11:59:59.348942		2020-04-12 14:50:16.885564	0	209
1	21		2019-04-02 11:59:59.356024		2020-04-12 14:50:16.885564	0	210
1	24		2019-04-02 11:59:59.357001		2020-04-12 14:50:16.885564	0	211
1	2		2019-04-02 11:59:59.357653		2020-04-12 14:50:16.885564	0	212
1	1		2019-04-02 11:59:59.359294		2020-04-12 14:50:16.885564	0	215
1	3		2019-04-02 11:59:59.359813		2020-04-12 14:50:16.885564	0	216
1	1		2019-05-08 12:26:19.427927		2020-04-12 14:50:16.885564	0	313
1	3		2019-05-08 12:26:19.466907		2020-04-12 14:50:16.885564	0	314
1	25		2019-04-05 14:03:58.430519		2020-04-12 14:50:16.885564	0	245
1	27		2019-04-05 14:03:58.431136		2020-04-12 14:50:16.885564	0	246
1	2		2019-04-05 14:03:58.431684		2020-04-12 14:50:16.885564	0	247
1	9		2019-04-05 14:03:58.43216		2020-04-12 14:50:16.885564	0	248
1	13		2019-04-05 14:03:58.432645		2020-04-12 14:50:16.885564	0	249
1	1		2019-04-05 14:03:58.433114		2020-04-12 14:50:16.885564	0	250
1	3		2019-04-05 14:03:58.433562		2020-04-12 14:50:16.885564	0	251
1	11		2019-04-05 14:03:58.434005		2020-04-12 14:50:16.885564	0	252
1	22		2019-04-05 14:03:58.434456		2020-04-12 14:50:16.885564	0	253
1	23		2019-04-05 14:03:58.434896		2020-04-12 14:50:16.885564	0	254
1	4		2019-03-17 14:14:32.056192		2020-04-12 14:50:16.885564	0	189
1	17		2019-03-17 14:14:32.0573		2020-04-12 14:50:16.885564	0	190
1	18		2019-03-17 14:14:32.058171		2020-04-12 14:50:16.885564	0	191
1	19		2019-03-17 14:14:32.058991		2020-04-12 14:50:16.885564	0	192
1	20		2019-03-17 14:14:32.059589		2020-04-12 14:50:16.885564	0	193
1	21		2019-03-17 14:14:32.060143		2020-04-12 14:50:16.885564	0	194
1	2		2019-03-17 14:14:32.060668		2020-04-12 14:50:16.885564	0	195
1	11		2019-04-02 11:59:59.360342		2020-04-12 14:50:16.885564	0	217
1	22		2019-04-02 11:59:59.360836		2020-04-12 14:50:16.885564	0	218
1	23		2019-04-02 11:59:59.361307		2020-04-12 14:50:16.885564	0	219
1	4		2019-04-02 16:05:24.473567		2020-04-12 14:50:16.885564	0	220
1	9		2019-03-17 14:14:32.06115		2020-04-12 14:50:16.885564	0	196
1	13		2019-03-17 14:14:32.06161		2020-04-12 14:50:16.885564	0	197
1	11		2019-05-08 12:26:19.487768		2020-04-12 14:50:16.885564	0	315
1	23		2019-05-08 12:26:19.53027		2020-04-12 14:50:16.885564	0	316
1	22		2019-05-08 12:26:19.566539		2020-04-12 14:50:16.885564	0	317
1	17		2019-04-02 16:05:24.475579		2020-04-12 14:50:16.885564	0	221
1	18		2019-04-02 16:05:24.476913		2020-04-12 14:50:16.885564	0	222
1	19		2019-04-02 16:05:24.478783		2020-04-12 14:50:16.885564	0	223
1	1		2019-03-17 14:14:32.062117		2020-04-12 14:50:16.885564	0	198
1	3		2019-03-17 14:14:32.062574		2020-04-12 14:50:16.885564	0	199
1	11		2019-03-17 14:14:32.063024		2020-04-12 14:50:16.885564	0	200
1	23		2019-03-17 14:14:32.063787		2020-04-12 14:50:16.885564	0	201
1	22		2019-03-17 14:14:32.065109		2020-04-12 14:50:16.885564	0	202
1	4		2019-05-08 12:26:17.240537		2020-04-12 14:50:16.885564	0	280
1	17		2019-05-08 12:26:17.328784		2020-04-12 14:50:16.885564	0	281
1	18		2019-05-08 12:26:17.348874		2020-04-12 14:50:16.885564	0	282
1	19		2019-05-08 12:26:17.385769		2020-04-12 14:50:16.885564	0	283
1	20		2019-05-08 12:26:17.441802		2020-04-12 14:50:16.885564	0	284
1	28		2019-05-08 12:26:18.442191		2020-04-12 14:50:16.885564	0	285
1	21		2019-05-08 12:26:18.462547		2020-04-12 14:50:16.885564	0	286
1	26		2019-05-08 12:26:18.500913		2020-04-12 14:50:16.885564	0	287
1	25		2019-05-08 12:26:18.539008		2020-04-12 14:50:16.885564	0	288
1	24		2019-05-08 12:26:18.563412		2020-04-12 14:50:16.885564	0	289
1	27		2019-05-08 12:26:18.607918		2020-04-12 14:50:16.885564	0	290
1	2		2019-05-08 12:26:18.639033		2020-04-12 14:50:16.885564	0	291
1	9		2019-05-08 12:26:18.664946		2020-04-12 14:50:16.885564	0	292
1	13		2019-05-08 12:26:18.687831		2020-04-12 14:50:16.885564	0	293
1	1		2019-05-08 12:26:18.720539		2020-04-12 14:50:16.885564	0	294
1	3		2019-05-08 12:26:18.745535		2020-04-12 14:50:16.885564	0	295
1	11		2019-05-08 12:26:18.76654		2020-04-12 14:50:16.885564	0	296
1	23		2019-05-08 12:26:18.79231		2020-04-12 14:50:16.885564	0	297
1	22		2019-05-08 12:26:18.826034		2020-04-12 14:50:16.885564	0	298
1	4		2019-05-08 12:26:18.921263		2020-04-12 14:50:16.885564	0	299
1	4		2019-07-04 17:04:58.81962		2020-04-12 14:50:16.885564	0	506
1	2		2019-07-04 17:04:58.820468		2020-04-12 14:50:16.885564	0	507
1	9		2019-07-04 17:04:58.821161		2020-04-12 14:50:16.885564	0	508
1	1		2019-07-04 17:04:58.821809		2020-04-12 14:50:16.885564	0	509
1	13		2019-07-04 17:04:58.822461		2020-04-12 14:50:16.885564	0	510
1	3		2019-07-04 17:04:58.823187		2020-04-12 14:50:16.885564	0	511
1	11		2019-07-04 17:04:58.82394		2020-04-12 14:50:16.885564	0	512
1	17		2019-07-04 17:04:58.824655		2020-04-12 14:50:16.885564	0	513
1	27		2019-07-04 17:04:58.825314		2020-04-12 14:50:16.885564	0	514
1	18		2019-07-04 17:04:58.825921		2020-04-12 14:50:16.885564	0	515
1	22		2019-07-04 17:04:58.826484		2020-04-12 14:50:16.885564	0	516
1	23		2019-07-04 17:04:58.827059		2020-04-12 14:50:16.885564	0	517
1	20		2019-07-04 17:04:58.828149		2020-04-12 14:50:16.885564	0	519
1	26		2019-07-04 17:04:58.828697		2020-04-12 14:50:16.885564	0	520
1	21		2019-07-04 17:04:58.829208		2020-04-12 14:50:16.885564	0	521
1	4		2019-07-15 12:34:03.999155		2020-04-12 14:50:16.885564	0	531
1	2		2019-07-15 12:34:04.000277		2020-04-12 14:50:16.885564	0	532
1	9		2019-07-15 12:34:04.001054		2020-04-12 14:50:16.885564	0	533
1	1		2019-07-15 12:34:04.001663		2020-04-12 14:50:16.885564	0	534
1	13		2019-07-15 12:34:04.002284		2020-04-12 14:50:16.885564	0	535
1	17		2019-05-08 12:26:18.948518		2020-04-12 14:50:16.885564	0	300
1	18		2019-05-08 12:26:18.966346		2020-04-12 14:50:16.885564	0	301
1	19		2019-05-08 12:26:18.992787		2020-04-12 14:50:16.885564	0	302
1	20		2019-05-08 12:26:19.024184		2020-04-12 14:50:16.885564	0	303
1	28		2019-05-08 12:26:19.060039		2020-04-12 14:50:16.885564	0	304
1	21		2019-05-08 12:26:19.081622		2020-04-12 14:50:16.885564	0	305
1	26		2019-05-08 12:26:19.114786		2020-04-12 14:50:16.885564	0	306
1	25		2019-05-08 12:26:19.143766		2020-04-12 14:50:16.885564	0	307
1	24		2019-05-08 12:26:19.168536		2020-04-12 14:50:16.885564	0	308
1	27		2019-05-08 12:26:19.263861		2020-04-12 14:50:16.885564	0	309
1	2		2019-05-08 12:26:19.298304		2020-04-12 14:50:16.885564	0	310
1	9		2019-05-08 12:26:19.357178		2020-04-12 14:50:16.885564	0	311
1	13		2019-05-08 12:26:19.391041		2020-04-12 14:50:16.885564	0	312
1	19		2019-07-04 17:04:58.827602		2020-04-12 14:50:16.885564	0	518
1	4		2019-05-09 15:10:19.016052		2020-04-12 14:50:16.885564	0	318
1	17		2019-05-09 15:10:19.057318		2020-04-12 14:50:16.885564	0	319
1	18		2019-05-09 15:10:19.101692		2020-04-12 14:50:16.885564	0	320
1	19		2019-05-09 15:10:19.144817		2020-04-12 14:50:16.885564	0	321
1	20		2019-05-09 15:10:19.169711		2020-04-12 14:50:16.885564	0	322
1	21		2019-05-09 15:10:19.194687		2020-04-12 14:50:16.885564	0	323
1	4		2019-08-07 14:51:51.054322		2020-04-12 14:50:16.885564	0	590
1	2		2019-08-07 14:51:51.127805		2020-04-12 14:50:16.885564	0	591
1	9		2019-08-07 14:51:51.14548		2020-04-12 14:50:16.885564	0	592
1	1		2019-08-07 14:51:51.164686		2020-04-12 14:50:16.885564	0	593
1	13		2019-08-07 14:51:51.185892		2020-04-12 14:50:16.885564	0	594
1	3		2019-08-07 14:51:51.208273		2020-04-12 14:50:16.885564	0	595
1	11		2019-08-07 14:51:51.228963		2020-04-12 14:50:16.885564	0	596
1	17		2019-08-07 14:51:51.248757		2020-04-12 14:50:16.885564	0	597
1	27		2019-08-07 14:51:51.269563		2020-04-12 14:50:16.885564	0	598
1	18		2019-08-07 14:51:51.289179		2020-04-12 14:50:16.885564	0	599
1	22		2019-08-07 14:51:51.356678		2020-04-12 14:50:16.885564	0	600
1	23		2019-08-07 14:51:51.377301		2020-04-12 14:50:16.885564	0	601
1	19		2019-08-07 14:51:51.398225		2020-04-12 14:50:16.885564	0	602
1	20		2019-08-07 14:51:51.418347		2020-04-12 14:50:16.885564	0	603
1	26		2019-08-07 14:51:51.43726		2020-04-12 14:50:16.885564	0	604
1	9999		2019-08-07 14:51:51.457613		2020-04-12 14:50:16.885564	0	605
1	21		2019-08-07 14:51:51.492119		2020-04-12 14:50:16.885564	0	606
1	5		2019-08-07 14:51:51.522144		2020-04-12 14:50:16.885564	0	607
1	24		2019-08-07 14:51:51.541975		2020-04-12 14:50:16.885564	0	608
1	28		2019-08-07 14:51:51.561132		2020-04-12 14:50:16.885564	0	609
1	3		2019-07-15 12:34:04.00281		2020-04-12 14:50:16.885564	0	536
1	11		2019-07-15 12:34:04.003378		2020-04-12 14:50:16.885564	0	537
1	4		2020-02-09 15:36:59.971238		2020-04-12 14:50:16.885564	0	610
1	2		2020-02-09 15:36:59.972291		2020-04-12 14:50:16.885564	0	611
1	9		2020-02-09 15:36:59.97284		2020-04-12 14:50:16.885564	0	612
1	1		2020-02-09 15:36:59.973461		2020-04-12 14:50:16.885564	0	613
1	13		2020-02-09 15:36:59.974054		2020-04-12 14:50:16.885564	0	614
1	3		2020-02-09 15:36:59.974595		2020-04-12 14:50:16.885564	0	615
1	11		2020-02-09 15:36:59.97511		2020-04-12 14:50:16.885564	0	616
1	17		2020-02-09 15:36:59.975635		2020-04-12 14:50:16.885564	0	617
1	27		2020-02-09 15:36:59.976173		2020-04-12 14:50:16.885564	0	618
1	18		2020-02-09 15:36:59.976685		2020-04-12 14:50:16.885564	0	619
1	19		2020-02-09 15:36:59.977227		2020-04-12 14:50:16.885564	0	620
1	21		2019-04-02 16:05:24.481628		2020-04-12 14:50:16.885564	0	226
1	24		2019-04-02 16:05:24.482433		2020-04-12 14:50:16.885564	0	227
1	25		2019-04-02 16:05:24.483034		2020-04-12 14:50:16.885564	0	228
1	2		2019-04-02 16:05:24.483754		2020-04-12 14:50:16.885564	0	229
1	9		2019-04-02 16:05:24.484589		2020-04-12 14:50:16.885564	0	230
1	13		2019-04-02 16:05:24.485269		2020-04-12 14:50:16.885564	0	231
1	1		2019-04-02 16:05:24.486045		2020-04-12 14:50:16.885564	0	232
1	3		2019-04-02 16:05:24.486935		2020-04-12 14:50:16.885564	0	233
1	11		2019-04-02 16:05:24.487872		2020-04-12 14:50:16.885564	0	234
1	4		2019-07-26 17:40:54.876195		2020-04-12 14:50:16.885564	0	548
1	2		2019-07-26 17:40:54.877872		2020-04-12 14:50:16.885564	0	549
1	9		2019-07-26 17:40:54.878955		2020-04-12 14:50:16.885564	0	550
1	1		2019-07-26 17:40:54.880095		2020-04-12 14:50:16.885564	0	551
1	13		2019-07-26 17:40:54.881045		2020-04-12 14:50:16.885564	0	552
1	3		2019-07-26 17:40:54.882017		2020-04-12 14:50:16.885564	0	553
1	11		2019-07-26 17:40:54.882917		2020-04-12 14:50:16.885564	0	554
1	17		2019-07-26 17:40:54.883724		2020-04-12 14:50:16.885564	0	555
1	27		2019-07-26 17:40:54.884612		2020-04-12 14:50:16.885564	0	556
1	18		2019-07-26 17:40:54.885436		2020-04-12 14:50:16.885564	0	557
1	22		2019-07-26 17:40:54.886097		2020-04-12 14:50:16.885564	0	558
1	23		2019-07-26 17:40:54.8869		2020-04-12 14:50:16.885564	0	559
1	19		2019-07-26 17:40:54.887678		2020-04-12 14:50:16.885564	0	560
1	20		2019-07-26 17:40:54.888422		2020-04-12 14:50:16.885564	0	561
1	26		2019-07-26 17:40:54.889376		2020-04-12 14:50:16.885564	0	562
1	21		2019-07-26 17:40:54.890228		2020-04-12 14:50:16.885564	0	563
1	24		2019-07-26 17:40:54.891028		2020-04-12 14:50:16.885564	0	564
1	28		2019-07-26 17:40:54.89177		2020-04-12 14:50:16.885564	0	565
1	9		2019-04-02 11:59:59.358219		2020-04-12 14:50:16.885564	0	213
1	13		2019-04-02 11:59:59.358765		2020-04-12 14:50:16.885564	0	214
1	4		2019-08-07 14:21:51.82048		2020-04-12 14:50:16.885564	0	571
1	2		2019-08-07 14:21:51.858809		2020-04-12 14:50:16.885564	0	572
1	9		2019-08-07 14:21:51.877198		2020-04-12 14:50:16.885564	0	573
1	1		2019-08-07 14:21:51.895761		2020-04-12 14:50:16.885564	0	574
1	13		2019-08-07 14:21:52.035445		2020-04-12 14:50:16.885564	0	575
1	3		2019-08-07 14:21:52.063954		2020-04-12 14:50:16.885564	0	576
1	11		2019-08-07 14:21:52.155667		2020-04-12 14:50:16.885564	0	577
1	17		2019-08-07 14:21:52.373923		2020-04-12 14:50:16.885564	0	578
1	27		2019-08-07 14:21:52.423889		2020-04-12 14:50:16.885564	0	579
1	18		2019-08-07 14:21:52.453001		2020-04-12 14:50:16.885564	0	580
1	22		2019-08-07 14:21:52.472489		2020-04-12 14:50:16.885564	0	581
1	23		2019-08-07 14:21:52.496231		2020-04-12 14:50:16.885564	0	582
1	19		2019-08-07 14:21:52.540492		2020-04-12 14:50:16.885564	0	583
1	20		2019-08-07 14:21:52.560819		2020-04-12 14:50:16.885564	0	584
1	26		2019-08-07 14:21:52.614126		2020-04-12 14:50:16.885564	0	585
1	9999		2019-08-07 14:21:52.672931		2020-04-12 14:50:16.885564	0	586
1	21		2019-08-07 14:21:52.694002		2020-04-12 14:50:16.885564	0	587
1	24		2019-08-07 14:21:52.716075		2020-04-12 14:50:16.885564	0	588
1	28		2019-08-07 14:21:52.734686		2020-04-12 14:50:16.885564	0	589
1	20		2020-02-09 15:36:59.977829		2020-04-12 14:50:16.885564	0	621
1	26		2020-02-09 15:36:59.978422		2020-04-12 14:50:16.885564	0	622
1	9999		2020-02-09 15:36:59.979026		2020-04-12 14:50:16.885564	0	623
1	21		2020-02-09 15:36:59.979538		2020-04-12 14:50:16.885564	0	624
1	5		2020-02-09 15:36:59.980058		2020-04-12 14:50:16.885564	0	625
1	24		2020-02-09 15:36:59.980573		2020-04-12 14:50:16.885564	0	626
1	28		2020-02-09 15:36:59.981082		2020-04-12 14:50:16.885564	0	627
1	4		2020-03-30 22:20:24.628396		2020-04-12 14:50:16.885564	0	628
1	2		2020-03-30 22:20:24.630416		2020-04-12 14:50:16.885564	0	629
1	1		2020-03-30 22:20:24.631134		2020-04-12 14:50:16.885564	0	630
1	13		2020-03-30 22:20:24.631749		2020-04-12 14:50:16.885564	0	631
1	3		2020-03-30 22:20:24.632522		2020-04-12 14:50:16.885564	0	632
1	11		2020-03-30 22:20:24.63321		2020-04-12 14:50:16.885564	0	633
1	27		2020-03-30 22:20:24.634015		2020-04-12 14:50:16.885564	0	634
1	22		2020-03-30 22:20:24.634936		2020-04-12 14:50:16.885564	0	635
1	23		2020-03-30 22:20:24.635769		2020-04-12 14:50:16.885564	0	636
1	19		2020-03-30 22:20:24.636377		2020-04-12 14:50:16.885564	0	637
1	20		2020-03-30 22:20:24.636913		2020-04-12 14:50:16.885564	0	638
1	26		2020-03-30 22:20:24.637428		2020-04-12 14:50:16.885564	0	639
1	9999		2020-03-30 22:20:24.637933		2020-04-12 14:50:16.885564	0	640
1	21		2020-03-30 22:20:24.638474		2020-04-12 14:50:16.885564	0	641
1	5		2020-03-30 22:20:24.638999		2020-04-12 14:50:16.885564	0	642
1	24		2020-03-30 22:20:24.639505		2020-04-12 14:50:16.885564	0	643
1	28		2020-03-30 22:20:24.639937		2020-04-12 14:50:16.885564	0	644
1	2		2020-04-12 14:50:16.891835	\N	\N	1	1
1	1		2020-04-12 14:50:16.894314	\N	\N	1	2
1	13		2020-04-12 14:50:16.895395	\N	\N	1	3
1	3		2020-04-12 14:50:16.896484	\N	\N	1	4
1	11		2020-04-12 14:50:16.897307	\N	\N	1	5
1	12		2020-04-12 14:50:16.898006	\N	\N	1	6
\.


--
-- Data for Name: wbs; Type: TABLE DATA; Schema: public; Owner: postgres
--

COPY public.wbs (wbs_id, pro_id, wbs_name, wbs_time, wbs_start_date, wbs_end_date, wbs_pic1, wbs_pic1_name, wbs_pic2, wbs_pic2_name, wbs_status, wbs_keterangan, wbs_kendala1, wbs_kendala2, wbs_kendala3, wbs_att_1, wbs_att_2) FROM stdin;
3	2	3. PILOTING	10	2020-04-13	\N	085648674120	ARDHA	\N	ARDHA	BARU	\N	\N	\N	\N	\N	\N
4	2	4. Implementasi	30	2020-04-13	\N	085648674120	ARHDA	\N	\N	BARU	\N	\N	\N	\N	\N	\N
2	2	2. Asessmen dan analisa	11	2020-04-13	\N	085648674120	ARDHA	\N	\N	PROGRES	OK	OK		\N	\N	\N
5	2	5. UAT	5	2020-04-13	\N	085648674120	ARDHA	\N	\N	BARU	\N	\N	\N	\N	\N	\N
6	1	1. Pembuatan dokumen PO	1	2020-04-13	\N	0856	SHANIN	\N	\N	PROGRES	-	-	-	-	\N	\N
7	1	2. Asessmen dan analisa	11	2020-04-13	\N	085648674120	ARDHA	\N	\N	PROGRES	OK	OK		\N	\N	\N
8	1	3. PILOTING	10	2020-04-13	\N	085648674120	ARDHA	\N	ARDHA	BARU	\N	\N	\N	\N	\N	\N
9	1	4. Implementasi	30	2020-04-13	\N	085648674120	ARHDA	\N	\N	BARU	\N	\N	\N	\N	\N	\N
10	1	5. UAT	5	2020-04-13	\N	085648674120	ARDHA	\N	\N	BARU	\N	\N	\N	\N	\N	\N
11	3	1. Pembuatan dokumen PO	1	2020-04-13	\N	0856	SHANIN	\N	\N	PROGRES	-	-	-	-	\N	\N
12	3	2. Asessmen dan analisa	11	2020-04-13	\N	085648674120	ARDHA	\N	\N	PROGRES	OK	OK		\N	\N	\N
13	3	3. PILOTING	10	2020-04-13	\N	085648674120	ARDHA	\N	ARDHA	BARU	\N	\N	\N	\N	\N	\N
14	3	4. Implementasi	30	2020-04-13	\N	085648674120	ARHDA	\N	\N	BARU	\N	\N	\N	\N	\N	\N
15	3	5. UAT	5	2020-04-13	\N	085648674120	ARDHA	\N	\N	BARU	\N	\N	\N	\N	\N	\N
16	4	1. Pembuatan dokumen PO	1	2020-04-13	\N	0856	SHANIN	\N	\N	PROGRES	-	-	-	-	\N	\N
17	4	2. Asessmen dan analisa	11	2020-04-13	\N	085648674120	ARDHA	\N	\N	PROGRES	OK	OK		\N	\N	\N
18	4	3. PILOTING	10	2020-04-13	\N	085648674120	ARDHA	\N	ARDHA	BARU	\N	\N	\N	\N	\N	\N
19	4	4. Implementasi	30	2020-04-13	\N	085648674120	ARHDA	\N	\N	BARU	\N	\N	\N	\N	\N	\N
20	4	5. UAT	5	2020-04-13	\N	085648674120	ARDHA	\N	\N	BARU	\N	\N	\N	\N	\N	\N
1	2	1. Pembuatan dokumen PO	1	2020-04-13	2020-04-14	0856	SHANIN	\N	\N	SELESAI	OK		-	-	\N	\N
\.


--
-- Name: id_opd_seq; Type: SEQUENCE SET; Schema: public; Owner: postgres
--

SELECT pg_catalog.setval('public.id_opd_seq', 1, false);


--
-- Name: id_pegawai_seq; Type: SEQUENCE SET; Schema: public; Owner: postgres
--

SELECT pg_catalog.setval('public.id_pegawai_seq', 2, true);


--
-- Name: id_pro_seq; Type: SEQUENCE SET; Schema: public; Owner: postgres
--

SELECT pg_catalog.setval('public.id_pro_seq', 5, true);


--
-- Name: id_sts_seq; Type: SEQUENCE SET; Schema: public; Owner: postgres
--

SELECT pg_catalog.setval('public.id_sts_seq', 9, true);


--
-- Name: id_wbs_seq; Type: SEQUENCE SET; Schema: public; Owner: postgres
--

SELECT pg_catalog.setval('public.id_wbs_seq', 20, true);


--
-- Name: mst_user_wp_id_user_seq; Type: SEQUENCE SET; Schema: public; Owner: postgres
--

SELECT pg_catalog.setval('public.mst_user_wp_id_user_seq', 2, true);


--
-- Name: mst_usergroup_id_group_seq; Type: SEQUENCE SET; Schema: public; Owner: postgres
--

SELECT pg_catalog.setval('public.mst_usergroup_id_group_seq', 1, false);


--
-- Name: siap_setting_bypass_controller_bypass_controller_id_seq; Type: SEQUENCE SET; Schema: public; Owner: postgres
--

SELECT pg_catalog.setval('public.siap_setting_bypass_controller_bypass_controller_id_seq', 1, false);


--
-- Name: usergroup_menu_id_seq; Type: SEQUENCE SET; Schema: public; Owner: postgres
--

SELECT pg_catalog.setval('public.usergroup_menu_id_seq', 9, true);


--
-- Name: efiskus_setting_bypass_controller efiskus_setting_bypass_controller_pkey; Type: CONSTRAINT; Schema: public; Owner: postgres
--

ALTER TABLE ONLY public.efiskus_setting_bypass_controller
    ADD CONSTRAINT efiskus_setting_bypass_controller_pkey PRIMARY KEY ("bypass_controller_id ");


--
-- Name: mst_menu mst_menu_pkey; Type: CONSTRAINT; Schema: public; Owner: postgres
--

ALTER TABLE ONLY public.mst_menu
    ADD CONSTRAINT mst_menu_pkey PRIMARY KEY (menu_id);


--
-- Name: mst_pegawai mst_pegawai_pkey; Type: CONSTRAINT; Schema: public; Owner: postgres
--

ALTER TABLE ONLY public.mst_pegawai
    ADD CONSTRAINT mst_pegawai_pkey PRIMARY KEY (id_pegawai);


--
-- Name: mst_proyek mst_pro_pkey; Type: CONSTRAINT; Schema: public; Owner: postgres
--

ALTER TABLE ONLY public.mst_proyek
    ADD CONSTRAINT mst_pro_pkey PRIMARY KEY (pro_id);


--
-- Name: mst_status mst_status_pkey; Type: CONSTRAINT; Schema: public; Owner: postgres
--

ALTER TABLE ONLY public.mst_status
    ADD CONSTRAINT mst_status_pkey PRIMARY KEY (status_id);


--
-- Name: mst_user mst_user_pkey; Type: CONSTRAINT; Schema: public; Owner: postgres
--

ALTER TABLE ONLY public.mst_user
    ADD CONSTRAINT mst_user_pkey PRIMARY KEY (id_user);


--
-- Name: mst_usergroup_menu mst_usergroup_menu_pkey; Type: CONSTRAINT; Schema: public; Owner: postgres
--

ALTER TABLE ONLY public.mst_usergroup_menu
    ADD CONSTRAINT mst_usergroup_menu_pkey PRIMARY KEY (usergroup_menu_id);


--
-- Name: mst_usergroup mst_usergroup_pkey; Type: CONSTRAINT; Schema: public; Owner: postgres
--

ALTER TABLE ONLY public.mst_usergroup
    ADD CONSTRAINT mst_usergroup_pkey PRIMARY KEY (id_group);


--
-- Name: wbs wbs_pkey; Type: CONSTRAINT; Schema: public; Owner: postgres
--

ALTER TABLE ONLY public.wbs
    ADD CONSTRAINT wbs_pkey PRIMARY KEY (wbs_id);


--
-- PostgreSQL database dump complete
--

